age,co2,co2_low,co2_high,xi_co2,omega_co2,alpha_co2
33,626,553,712,675.9261975,91.10406928,-0.745043825
33.2,789,685,910,857.2990133,128.1240493,-0.721307915
33.3,1108,958,1286,1212.931021,188.5983794,-0.758472455
33.5,1161,998,1359,1283.095969,209.8392229,-0.800104326
33.6,764,672,879,838.3904354,121.8381234,-0.848374174
34,960,828,1128,1071.628723,177.9041418,-0.877512413
34.2,1075,921,1269,1201.987281,205.498103,-0.861032162
34.4,1048,830,1350,1270.169007,318.3959443,-1.005439165
34.6,877,689,1141,1073.845033,278.0658337,-1.024873652
5.2,328,311,345,327.9395173,17.09484802,0.004434344
5.2,304,289,320,310.6567613,16.766327,-0.518456165
5.3,229,217,243,236.9530327,14.82595947,-0.726610537
7.4,304,288,320,303.9606778,16.08921609,0.003063125
7.8,201,190,212,200.9633207,11.06136383,0.004155997
8.2,206,195,216,200.7370994,11.59187786,0.600829036
8.6,237,221,252,230.3432387,16.766327,0.518456165
9,228,212,244,228.0512389,16.08924965,-0.003991409
9.4,224,207,242,231.1704451,18.82711458,-0.49564583
9.9,233,21,253,-10.36920749,187.4418464,4.105345628
12.1,344,327,363,353.6075272,20.06095305,-0.637925587
13.2,385,368,403,392.1704451,18.82711458,-0.49564583
15.1,433,415,453,442.918912,21.10312598,-0.624589111
16.1,389,373,406,395.9161984,17.79722613,-0.506551709
17.2,390,373,408,397.1704451,18.82711458,-0.49564583
18.1,408,390,427,415.4198933,19.85608732,-0.485601879
19.1,368,352,385,374.9161984,17.79722613,-0.506551709
60,683,482,882,639.6260498,205.5394516,0.26747507
72,729,514,964,838.6838543,247.4135809,-0.585113556
99,903,578,1256,1063.472655,371.2638078,-0.568949336
103,1240,191,1733,247.8798068,1058.748471,1.568082714
103,1208,558,1738,800.3843635,688.8404395,0.816556041
103,940,624,1320,1169.986735,402.704693,-0.782409669
109,635,427,870,757.842228,248.376517,-0.661645381
121,1177,700,1733,1492.194263,588.7810569,-0.724882729
141,1074,783,1400,1240.082206,344.286461,-0.643166789
160,733,541,931,796.2828362,205.1831996,-0.396082517
170,756,490,1010,657.8182684,277.3118454,0.458328761
188,1063,810,1326,1154.225755,273.4613298,-0.430242649
202,423,293,552,397.3395205,132.6343911,0.244777195
3,468,200,800,679.715349,351.7984079,-0.833488277
4,80,0.1,267,262.1819316,186.7070465,-1.689517202
5,324,164,484,324.3194535,160.8919976,-0.00248848
6,292,132,452,292.4266022,160.892246,-0.003323149
7,148,0.1,388,348.2519961,249.5581984,-1.221327388
8,133,0.1,267,160.0509937,136.7902643,-0.250308754
9,204,44,364,204.4270418,160.8922472,-0.003326573
10,448,288,608,448.5188374,160.8925169,-0.004041643
10,468,308,628,467.5201429,160.8923959,0.003737995
12.8,433,305,561,433.3009334,128.7136962,-0.002930266
13,296,176,416,296.3438471,120.6692503,-0.003571337
13,176,56,296,176.276241,120.6690765,-0.002869152
13.1,519,262,776,519.6210351,258.4330079,-0.003011824
13.8,310,233,387,309.7825791,77.42942645,0.003519309
14,133,0.1,267,160.0509937,136.7902643,-0.250308754
14,0.1,0.1,100,116.7617528,83.02904713,-15.51255099
14.4,203,133,273,203.1686557,70.39031226,-0.003002961
14.7,116,79,153,116.07629,37.20627933,-0.002569877
15.1,291,209,373,291.1976847,82.45722319,-0.003004733
15.6,852,766,938,851.8107043,86.47948539,0.002743398
16,579,489,669,578.7869726,90.50182092,0.002950119
16.1,487,390,584,486.8843841,97.54064981,0.001485567
21,312,152,472,312.3860877,160.8921435,-0.003007548
25,588,308,880,692.1811208,303.9768112,-0.442742919
45,780,640,880,675.9202964,147.4915228,1.020548755
53,80,0.1,267,262.1819316,186.7070465,-1.689517202
53,814,574,1054,813.2924848,241.3385575,0.003674272
54,231,71,391,230.8204368,160.8917807,0.001398761
55,461,261,661,460.5499998,201.115104,0.002804331
56,328,200,460,370.1885575,136.7887997,-0.396082517
56,100,60,140,99.90562628,40.22303083,0.002940612
56,487,291,687,542.1220425,206.0914177,-0.34137733
56,579,379,779,579.5181105,201.1152679,-0.003228785
56,428,200,680,550.6986093,265.7283023,-0.612265479
56,100,60,140,100.1029082,40.22305174,-0.00320654
57,816,576,1056,816.6609944,241.3384257,-0.003432678
57,474,274,674,474.5972022,201.115487,-0.003721671
64,178,148,208,178.0846119,30.16730874,-0.003515255
64,163,136,190,163.057984,27.15053298,-0.002676646
64,400,320,480,400.2208261,80.44614334,-0.003440386
64,88,73,103,88.04464607,15.0836611,-0.003709698
65,111,93,130,118.4198933,19.85608732,-0.485601879
65,340,280,400,339.8020387,60.33470502,0.004112216
65,178,148,207,168.0772712,31.13171523,0.410022926
65,54,45,63,53.97405729,9.050194206,0.003592687
65,0.1,0.1,210,245.2181373,174.4524223,-15.51255099
65,183,153,214,193.1331206,32.15389824,-0.405162791
65,277,231,324,290.2408291,48.46975928,-0.348948771
65,90,75,105,90.03752535,15.08364172,-0.003118029
66,300,240,360,300.1489336,60.33456398,-0.003093771
66,0.1,0.1,100,116.7617528,83.02904713,-15.51255099
66,42,35,50,46.31828135,8.462740104,-0.685720433
66,15,12,17,12.63101038,3.142942756,1.116480002
66,263,219,307,262.8828488,44.24536721,0.003318491
66,453,377,528,434.9225426,77.93408647,0.294707793
66,426,355,497,425.8399558,71.39586259,0.002809494
66,265,221,310,277.8745828,46.43348064,-0.354383487
66,219,183,256,230.3505868,38.28002668,-0.380073941
66,328,208,448,328.3587284,120.6692935,-0.0037259
66,560,440,680,560.2302206,120.66898,-0.002391164
66,128,107,150,136.1426792,22.93827281,-0.459619229
67,172,52,292,172.3079023,120.6691532,-0.003198
67,252,132,372,251.6870732,120.6691661,0.003250185
67,300,240,360,299.8003911,60.33471027,0.004146442
68,10,9,12,11.84955037,2.032852413,-1.489473223
68,171,142,199,161.2900541,30.10915039,0.415120488
68,110,91,128,102.5801067,19.85608732,0.485601879
68,158,132,185,167.2767472,28.06278225,-0.426114205
68,60,0.1,260,270.1436306,192.2101155,-2.160231042
68,740,555,925,739.5241107,186.0316141,0.003206128
68,138,115,161,138.0567731,23.12824874,-0.003076535
68,202,169,236,212.750952,35.21835503,-0.391830962
68,145,121,169,144.9363266,24.13383607,0.003306691
69,345,287,402,329.8309716,59.6577249,0.32395634
69,204,170,238,203.8916996,34.18965362,0.003970067
69,309,258,361,323.1342454,53.5574382,-0.336673907
69,375,313,438,391.0040709,64.7378131,-0.314681569
69,329,274,383,314.3436139,56.6081976,0.330073303
69,122,101,142,114.0942747,21.9116005,0.467673043
69,38,32,45,41.97651633,7.412979737,-0.726610537
69,126,105,147,126.0825327,21.11719433,-0.004898398
70,254,212,297,266.5028063,44.3964338,-0.360168336
70,289,241,337,289.1468276,48.26772741,-0.00381253
71,294,245,343,294.1096212,49.27319908,-0.002788335
75,1180,936,1416,1099.774265,253.142825,0.407564391
77,480,360,600,479.6755647,120.6691964,0.003369717
80,504,264,744,503.413052,241.3382343,0.00304814
106,600,400,800,599.6783104,201.1148579,0.002004719
112,653,453,853,653.5297399,201.1152982,-0.003301257
115,904,540,1320,1128.55063,440.0624854,-0.685720433
115,1084,540,1320,556.3357885,544.083395,1.67004417
115,1076,540,1320,563.6985155,539.0211138,1.608622016
120,592,480,720,661.0925017,135.4038417,-0.685720433
129,112,49,179,139.4073692,70.15840058,-0.509428216
133,1150,1100,1200,1149.881182,50.27879055,0.002961814
143,560,427,693,560.3430847,133.7416494,-0.003215114
153,1272,912,1392,900.608147,349.7975816,2.014432014
173,1113,838,1388,1113.808343,276.5337571,-0.003663615
174,768,528,1008,767.2174541,241.3387891,0.004063924
191,1824,1584,2064,1824.582026,241.3382225,-0.003022577
198,1204,1040,1420,1354.183365,228.4125615,-0.930781729
198,992,596,1388,993.0389922,398.2082644,-0.003270121
200,1171,921,1421,1171.349876,251.3934942,-0.0017443
200,961,711,1211,960.2554264,251.3943529,0.003712055
200,341,91,591,340.2818233,251.3942765,0.003580452
201,773,523,1023,772.3515445,251.3940871,0.00323286
201,1267,1017,1517,1267.585955,251.3939336,-0.002921263
201,614,364,864,613.4273076,251.3939029,0.002855144
202,1214,964,1464,1214.448598,251.3936518,-0.002236472
202,1619,1369,1869,1618.409419,251.3939443,0.002944328
202,843,593,1093,842.2441992,251.3943865,0.003768028
202,880,630,1130,879.1560366,251.3946668,0.004207564
203,1783,1449,2116,1735.281309,338.6696649,0.177475513
203,1202,952,1452,1202.738276,251.3943345,-0.003680656
203,1967,1633,2300,1919.281309,338.6696649,0.177475513
203,1557,1223,1890,1509.281309,338.6696649,0.177475513
203,623,373,873,623.6786069,251.3941667,-0.003383179
203,513,263,763,513.661271,251.3941204,-0.003296751
203,661,411,911,660.4707567,251.3938077,0.002638529
203,1030,697,1363,1029.219067,334.8567206,0.002922915
203,863,529,1196,815.2813086,338.6696649,0.177475513
203,1085,751,1418,1037.281309,338.6696649,0.177475513
203,1191,858,1525,1238.718691,338.6696649,-0.177475513
204,1702,1369,2035,1702.768298,334.8566911,-0.002875623
204,1777,1443,2110,1729.281309,338.6696649,0.177475513
204,560,310,810,559.3852306,251.3940023,0.003064918
204,1367,1034,1701,1414.718691,338.6696649,-0.177475513
204,1295,962,1629,1342.718691,338.6696649,-0.177475513
204,1516,1183,1849,1515.072452,334.8570944,0.003471675
204,1678,1345,2011,1677.220525,334.8567171,0.002917459
204,1191,858,1525,1238.718691,338.6696649,-0.177475513
204,1349,1015,1682,1301.281309,338.6696649,0.177475513
204,377,127,627,376.739536,251.3933856,0.001298536
204,1443,1109,1776,1395.281309,338.6696649,0.177475513
204,269,19,519,268.4835618,251.3937812,0.00257469
204,344,94,594,344.7547885,251.3943836,-0.003762981
204,1596,1263,1929,1595.707671,334.8559376,0.001094143
204,1702,1369,2035,1701.087007,334.8570545,0.003417195
205,1667,1333,2000,1619.281309,338.6696649,0.177475513
205,372,122,622,371.2398908,251.3943997,0.003789506
206,45,0.1,295,322.9456013,229.7718616,-2.926590436
206,13,0.1,263,303.5355054,215.957332,-5.469566941
206,643,310,977,690.7186914,338.6696649,-0.177475513
207,544,211,877,543.4465548,334.8562674,0.002071461
207,111,0.1,361,351.88498,250.6710014,-1.641581855
208,1264,720,2160,2018.486818,930.2737421,-1.24080705
208,667,533,800,640.8252871,136.6813984,0.242242933
216,660,360,1380,1366.36528,716.8376573,-1.721768505
216,732,360,1380,1295.12514,668.8333633,-1.313345416
216,900,540,1260,899.2079137,362.0071476,0.00274231
216,800,640,960,799.6668721,160.8920254,0.002595001
217,880,660,1100,879.3044464,221.227154,0.003940532
218,695,521,869,695.5019791,174.9704225,-0.003595697
222,1140,360,1380,323.9842206,751.6602854,2.123076038
222,585,440,730,585.7179795,145.8098522,-0.00617152
223,116,87,145,116.0734616,29.16170959,-0.003157251
237,605,455,755,605.3452066,150.8363454,-0.002868365
239,580,435,725,580.3422614,145.8084871,-0.002941959
240,300,225,375,300.182346,75.41819569,-0.003030272
241,284,160,400,231.8003368,130.0037143,0.524834298
241,244,120,360,191.8003368,130.0037143,0.524834298
260,400,240,600,529.3746702,211.8923886,-0.848374174
270,133,80,267,266.2499966,132.6364808,-1.788965807
274,1268,809,1728,1326.95208,465.7461609,-0.159278182
277,1280,779,1782,1342.458103,508.0894964,-0.154651955
278,922,580,1265,970.5633433,347.7494241,-0.175885451
279,1128,697,1559,1126.923364,433.4033014,0.003113424
279,1038,620,1456,1036.884635,420.3309949,0.003325732
280,845,493,1197,844.3870473,353.9622278,0.002170355
280,812,472,1153,860.3762887,345.7317451,-0.176233897
280,812,472,1153,860.3762887,345.7317451,-0.176233897
281,794,477,1112,840.198059,322.5265258,-0.180450194
282,1449,899,1999,1447.917225,553.0662115,0.002453704
282,1030,676,1396,1150.338603,379.7142375,-0.407564391
282,429,269,588,399.5991487,162.975972,0.227960059
283,133,80,267,266.2499966,132.6364808,-1.788965807
283,188,25,351,188.3979438,163.9088825,-0.003042852
284,187,11,362,155.7013212,179.1492751,0.22065328
284,620,102,770,72.90913386,496.1609946,2.207025321
285,432,101,567,105.4136296,328.7564743,1.749282778
285,70,60,80,70.03213872,10.05578137,-0.004005673
285,1700,530,2497,792.0725911,1228.036128,1.08698684
285,453,141,666,211.331331,327.5366097,1.083964235
285,358,270,445,338.1124362,90.10315008,0.280063461
285,486,151,713,224.8975267,351.4599203,1.094240382
285,632,246,1017,579.498598,391.1237524,0.168998101
290,219,0.1,493,396.6194959,290.2840337,-0.850619774
292,53,0.1,285,305.5020271,217.3591174,-2.552933254
294,0.1,0.1,300,350.3188155,249.2533657,-15.51255099
295,51,0.1,227,236.9196976,168.5585334,-2.208813179
296,68,0.1,320,336.8805243,239.6992216,-2.308631295
298,288,0.1,878,838.6436653,598.0348971,-1.520383748
299,515,0.1,996,296.6100381,540.0010036,0.528962191
300,399,88,650,200.6144624,329.5451488,0.833808517
300,697,185,1102,360.0970231,542.2937337,0.866738005
300,882,282,1347,475.6799176,635.0595245,0.899172751
303,250,180,320,249.7935417,70.39041292,0.003676046
303,588,340,820,483.6006736,260.0074285,0.524834298
303,608,360,840,503.6006736,260.0074285,0.524834298
322,290,240,400,395.1866349,110.6012364,-1.61052053
322,210,180,240,209.8952202,30.16737204,0.004353148
322,320,240,400,320.2396548,80.44619714,-0.003733729
336,190,180,200,189.9648933,10.05579129,0.004375596
343,824,600,1020,703.0881221,236.9567229,0.685720433
343,524,276,756,419.6006736,260.0074285,0.524834298
365,395,280,510,394.6770029,115.6413463,0.003500641
367,600,380,820,599.4152484,221.2268336,0.003312802
368,1140,840,1440,1139.41043,301.672477,0.002449407
370,1260,960,1560,1259.21524,301.6729214,0.003260336
380,1120,920,1280,990.6253298,211.8923886,0.848374174
389,1560,1160,2080,1915.635951,550.2147567,-0.910782798
391,624,384,864,623.4075565,241.3382479,0.00307668
402,1320,960,1680,1319.209887,362.0071432,0.002735478
417,1440,1080,1800,1440.866365,362.0073177,-0.002999475
419,1680,1280,2080,1681.095032,402.2306914,-0.003412037
1,430,360,510,473.1828135,84.62740104,-0.685720433
5,261,240,331,334.5309518,67.28478006,-2.157926341
6,239,221,303,306.882983,61.12713147,-2.247900591
6,249,229,315,318.2185411,63.50400085,-2.144062756
6,252,233,319,322.9806503,64.04388775,-2.236294454
7,278,256,356,360.6986799,74.51928244,-2.24389884
7,242,223,306,309.3385081,61.45316688,-2.172412066
7,264,243,334,337.5309518,67.28478006,-2.157926341
8,230,212,292,295.456663,59.40115179,-2.203430567
8,340,285,400,367.784274,63.15016776,-0.580215738
8,237,218,301,304.3385081,61.45316688,-2.172412066
9,247,228,313,316.7674961,63.18090128,-2.215230696
9,227,209,287,290.0265301,57.67266863,-2.157926341
9,268,247,342,346.3884689,70.7399434,-2.235296484
10,258,238,327,330.8645183,66.09723154,-2.205678061
10,263,243,334,338.2908354,67.82320957,-2.245700622
10,234,216,296,299.456663,59.40115179,-2.203430567
10,205,188,259,261.2779841,52.15952042,-2.091781711
10,247,227,312,315.0013149,62.63835711,-2.123076038
10,235,217,296,299.2420974,58.53723728,-2.180812076
10,245,226,310,313.5534628,62.31733594,-2.193938987
10,255,235,323,326.6500989,65.23341285,-2.185356864
10,244,225,309,312.5534628,62.31733594,-2.193938987
10,243,225,307,310.882983,61.12713147,-2.247900591
10,251,231,318,321.4347873,64.36901077,-2.164820668
11,223,206,280,282.9303564,54.75689335,-2.16603475
11,246,227,311,314.5534628,62.31733594,-2.193938987
11,228,210,287,289.8099079,56.80741514,-2.134764009
11,238,220,300,303.456663,59.40115179,-2.203430567
11,510,425,575,451.4253513,89.91524865,0.919867421
11,220,203,277,279.9303564,54.75689335,-2.16603475
11,232,214,293,296.2420974,58.53723728,-2.180812076
11,211,194,266,268.4966467,53.0260867,-2.11685885
11,204,188,255,257.1826637,49.24429508,-2.096509425
12,225,207,284,286.8099079,56.80741514,-2.134764009
12,245,226,310,313.5534628,62.31733594,-2.193938987
12,213,196,268,270.4966467,53.0260867,-2.11685885
12,202,186,254,256.401052,50.11068569,-2.123076038
12,208,191,261,263.0580187,51.29212414,-2.066361129
12,213,196,269,271.7140813,53.89186475,-2.141605747
13,218,200,277,279.8099079,56.80741514,-2.134764009
13,210,193,264,266.2779841,52.15952042,-2.091781711
13,203,186,255,256.8366691,50.42385273,-2.040582959
13,224,206,283,285.8099079,56.80741514,-2.134764009
13,211,194,265,267.2779841,52.15952042,-2.091781711
13,228,210,287,289.8099079,56.80741514,-2.134764009
13,420,375,500,490.2507997,82.39009727,-1.339498283
13,205,189,258,260.6181542,50.97624937,-2.149273401
13,225,208,283,286.1455349,55.62120853,-2.190157423
13,230,212,291,294.2420974,58.53723728,-2.180812076
13,229,211,288,290.8099079,56.80741514,-2.134764009
13,220,203,277,279.9303564,54.75689335,-2.16603475
13,223,206,280,282.9303564,54.75689335,-2.16603475
13,223,206,280,282.9303564,54.75689335,-2.16603475
14,203,187,254,256.1826637,49.24429508,-2.096509425
14,189,173,237,238.5189137,46.63967754,-2.014432014
14,213,196,269,271.7140813,53.89186475,-2.141605747
14,231,213,292,295.2420974,58.53723728,-2.180812076
14,220,202,278,280.5921733,55.94144396,-2.111315143
15,205,189,257,259.401052,50.11068569,-2.123076038
15,236,217,298,300.9056485,59.72291001,-2.128621455
15,229,212,289,292.5728294,57.34783055,-2.237526549
15,220,202,277,279.3732637,55.07471985,-2.087569168
15,215,198,272,274.9303564,54.75689335,-2.16603475
15,187,172,235,237.0872951,46.32903893,-2.101853021
15,199,184,250,252.7375742,48.92505964,-2.185356864
15,202,186,253,255.1826637,49.24429508,-2.096509425
16,205,190,257,259.95185,49.78878411,-2.212405127
16,213,196,268,270.4966467,53.0260867,-2.11685885
16,176,162,220,221.7726093,42.5467987,-2.077298603
16,179,165,223,224.7726093,42.5467987,-2.077298603
16,238,220,301,304.6702763,60.26444089,-2.225790631
16,201,184,253,254.8366691,50.42385273,-2.040582959
17,220,202,278,280.5921733,55.94144396,-2.111315143
17,227,208,318,326.9069137,84.62732082,-2.687303977
17,232,214,293,296.2420974,58.53723728,-2.180812076
17,202,185,282,289.6852221,74.50565184,-2.660126382
17,200,182,279,285.9879939,74.00978069,-2.554048822
17,216,198,305,313.9936264,82.55380511,-2.736871563
17,210,192,294,301.9958559,78.28532384,-2.647266162
17,223,204,314,322.9069137,84.62732082,-2.687303977
18,231,213,323,332.5880378,85.11190481,-2.789051991
18,222,204,281,283.8099079,56.80741514,-2.134764009
18,211,193,296,304.1961683,79.1395521,-2.665463853
18,207,189,289,296.5940115,76.57601387,-2.610434881
18,213,195,297,304.9958559,78.28532384,-2.647266162
18,212,195,296,304.4829442,77.92009018,-2.735836943
18,215,197,299,306.9958559,78.28532384,-2.647266162
18,227,209,317,326.192098,83.40674063,-2.754391692
18,214,196,300,308.3960885,79.99350547,-2.683520322
18,197,181,275,282.7733757,72.43314796,-2.714788238
18,211,194,294,302.2840944,77.06688851,-2.717136243
18,215,198,299,307.4829442,77.92009018,-2.735836943
18,228,210,287,289.8099079,56.80741514,-2.134764009
18,252,232,318,321.2185411,63.50400085,-2.144062756
18,215,198,301,309.8795503,79.62572376,-2.772803525
18,216,198,301,309.1961683,79.1395521,-2.665463853
19,215,198,271,273.7140813,53.89186475,-2.141605747
19,232,214,294,297.456663,59.40115179,-2.203430567
19,216,199,272,274.7140813,53.89186475,-2.141605747
19,219,200,306,314.1053463,81.21018594,-2.618238044
19,230,211,291,293.6876417,58.85676394,-2.106341048
19,218,200,275,277.3732637,55.07471985,-2.087569168
19,230,211,322,331.1063885,85.48096172,-2.704255316
19,224,206,312,320.7948077,81.70062535,-2.719221403
19,209,192,291,299.0848651,76.21342012,-2.698286445
19,206,188,288,295.5940115,76.57601387,-2.610434881
20,250,229,353,363.3269239,95.60181903,-2.724277727
20,294,269,419,431.7668028,115.8426953,-2.754391692
20,248,228,315,318.4347873,64.36901077,-2.164820668
20,460,390,540,503.1828135,84.62740104,-0.685720433
20,208,191,263,265.4966467,53.0260867,-2.11685885
20,343,316,489,504.9567017,134.482081,-2.87913011
20,308,283,441,455.3458263,122.6600105,-2.852899811
20,272,250,383,394.4329507,102.794291,-2.768631413
21,208,191,262,264.2779841,52.15952042,-2.091781711
21,205,189,259,261.8340458,51.84102898,-2.175116052
21,301,276,428,441.1629258,117.5479886,-2.779397367
21,202,186,254,256.401052,50.11068569,-2.123076038
21,278,255,393,404.7454586,106.5752797,-2.754391692
21,240,220,305,308.0013149,62.63835711,-2.123076038
21,261,240,335,339.3884689,70.7399434,-2.235296484
22,305,280,435,448.755369,120.1047007,-2.816426144
22,250,230,353,363.8070124,95.23166309,-2.801066247
23,211,193,267,269.1531116,54.207205,-2.063514815
23,243,222,344,353.9285188,93.89491979,-2.693776065
24,257,236,328,331.7465921,68.14939625,-2.177559259
24,242,222,341,351.0149878,91.82123283,-2.738629384
24,287,263,410,422.8499187,113.7666479,-2.793349652
24,271,250,343,346.9613675,69.01344813,-2.196994887
24,256,237,324,328.1929652,64.90631873,-2.257137139
24,246,226,314,317.6500989,65.23341285,-2.185356864
24,222,204,282,285.0265301,57.67266863,-2.157926341
25,248,227,352,362.5256673,96.45494582,-2.739382339
25,392,361,570,590.3454988,163.2270275,-2.977042927
25,466,407,671,682.7103078,196.2387601,-2.215589588
25,749,634,1106,1119.584197,345.6487187,-2.060564831
25,331,305,428,434.5698375,92.2195142,-2.31607978
25,343,317,443,450.1967733,94.80010717,-2.359769385
25,294,270,377,381.6802051,79.48937549,-2.209044477
25,602,518,852,859.5264715,243.1185597,-2.003737449
25,351,312,495,504.5397651,137.0379484,-2.301308459
25,359,318,507,516.3153561,141.149853,-2.269237779
26,420,369,624,639.7435255,192.6945506,-2.416639592
26,419,369,578,584.7386464,153.5633452,-2.093295889
26,386,339,560,571.5936509,165.5456878,-2.305090005
27,367,324,510,517.1579911,137.4852794,-2.154711213
27,582,499,847,858.4183807,255.8339981,-2.098764618
27,535,462,772,782.9003577,228.4135054,-2.121630033
29,434,381,619,629.7003098,177.01378,-2.222011491
29,383,336,544,552.8352917,154.3352704,-2.1957601
29,504,438,740,754.5204196,225.2825436,-2.255880117
30,321,284,451,458.6509783,124.3083628,-2.231191441
30,457,401,714,738.0058816,239.8512192,-2.621678315
30,367,325,529,540.7216397,153.5353995,-2.363882831
30,529,462,752,763.1933734,214.3821766,-2.155863521
30,570,496,826,840.4484519,245.1641941,-2.209498955
30,463,401,665,674.412901,194.6118653,-2.126476774
31,543,474,787,801.6015429,233.1706706,-2.240238036
32,1158,962,1678,1681.040182,511.9776376,-1.851645295
33,864,729,1253,1262.211871,379.5911257,-1.96054282
33,1326,1068,1992,1991.627778,657.705808,-1.81594224
33,832,698,1189,1191.428341,351.3312509,-1.857114054
33,809,681,1152,1154.784705,337.3391875,-1.864711969
33,1232,1019,1795,1797.809348,554.5410143,-1.846775514
34,1093,917,1568,1572.617416,466.7969757,-1.874058349
34,901,769,1268,1273.95418,359.4998753,-1.913174672
35,902,769,1270,1275.588917,360.6675727,-1.906807886
35,709,617,977,983.935418,261.2148102,-1.975056251
36,786,673,1101,1106.287184,308.4751238,-1.916640327
37,1321,1084,1941,1942.606654,611.3786718,-1.833297709
38,968,825,1365,1371.315994,388.9484865,-1.911236967
38,768,658,1074,1079.000191,299.7288517,-1.913893824
40,996,845,1413,1419.159603,408.7765144,-1.904267007
40,1480,1202,2215,2218.711982,723.93592,-1.847117662
40,670,570,780,722.629006,115.9187786,-0.600829036
41,1041,873,1496,1500.778313,446.9716226,-1.878654345
44,1176,987,1691,1697.102382,505.5778113,-1.886648598
56,500,450,550,500.1327496,50.27882537,-0.0033091
56,600,550,740,742.4818221,137.0345063,-1.922499857
91,860,750,975,901.8799351,119.821483,-0.452082187
94,1005,800,1200,927.141927,213.980046,0.471913512
134,1085,940,1225,1036.450271,150.5457519,0.415120488
154,975,650,1350,1182.471565,396.9195863,-0.705037885
2,358,340,375,350.8295549,18.82711458,0.49564583
2.7,276,260,292,276.0309282,16.08919777,-0.002409244
3.4,358,340,375,350.8295549,18.82711458,0.49564583
4,355,306,811,876.1782308,405.8001368,-3.844989929
4,363,345,380,355.8295549,18.82711458,0.49564583
4.6,270,255,285,270.0499175,15.08367762,-0.004147709
5.1,358,340,375,350.8295549,18.82711458,0.49564583
7.2,270,255,285,269.9555449,15.08366054,0.003693834
8.5,350,340,360,350.0111915,10.05573626,-0.001394874
10.5,370,350,390,369.9436631,20.11153896,0.00351083
12,468,382,661,653.7078701,193.6166979,-1.63585609
13.9,287,251,311,258.5721246,37.71531307,1.116480002
15.2,338,304,705,759.5363421,324.2086417,-4.142577133
15.3,338,304,705,759.5363421,324.2086417,-4.142577133
15.3,314,304,591,636.9628929,236.9721958,-6.397394679
15.7,555,371,788,708.6919067,246.7742652,-0.869416686
15.7,552,357,787,694.8109953,249.0451549,-0.786226619
15.8,564,350,793,660.9442468,240.1444204,-0.527917394
16.5,535,350,782,709.5616344,261.0079112,-0.951316532
34,672,448,896,671.2842208,225.2494897,0.003982702
37,746,497,995,746.6378947,250.3884903,-0.003192981
38,839,377,1431,1236.123314,626.7561038,-0.888262685
38,774,378,1424,1320.202156,675.1010087,-1.236323855
38,660,376,1384,1381.412713,715.9750666,-1.79968795
38,881,396,1435,1179.62875,586.0243864,-0.684661349
38,711,349,1423,1365.132262,725.0661785,-1.468262985
38,1024,544,1451,776.8466592,507.0933843,0.650721584
38,551,349,1310,1362.170954,721.1086128,-2.326255331
38,749,395,1416,1350.874862,682.5290392,-1.413701618
38,497,357,730,694.4194131,241.653284,-1.254365836
38,450,333,702,689.3141131,253.9895856,-1.58354995
42.9,768,512,1024,767.1673156,257.4280352,0.004054035
45,965,643,1286,918.4194339,326.5624777,0.179687869
47,908,605,1210,863.2509063,307.3906579,0.183428481
52.2,659,439,878,622.7574604,223.6021395,0.20449086
54,443,323,743,740.4823277,297.3197594,-1.774393724
54.1,327,314,475,497.254226,130.4234113,-4.253191096
54.1,515,341,775,719.6928092,272.480759,-1.111256819
54.5,378,328,713,755.042982,303.9297363,-3.238446016
55.4,479,337,745,718.412202,272.3701092,-1.406289335
55.8,667,393,802,412.1911644,278.0363821,1.508132156
55.9,307,294,330,327.148214,23.69957738,-1.333318829
55.9,307,294,330,327.148214,23.69957738,-1.333318829
55.9,307,294,330,327.148214,23.69957738,-1.333318829
55.9,520,348,775,719.4960901,267.4238186,-1.100529041
56,304,295,315,310.8574505,11.65755179,-0.810711108
56.2,313,301,325,313.0361233,12.06693008,-0.003751918
56.3,316,301,331,315.9619997,15.08364291,0.00315749
56.4,320,305,345,341.2001051,25.92461936,-1.256225486
56.5,315,302,328,315.032763,13.07249008,-0.003141138
56.5,318,302,334,317.9549204,16.08923118,0.003511611
56.5,318,302,334,317.9617126,16.0892136,0.002982516
57,469,340,739,722.9077138,273.0207758,-1.547162669
57.9,447,333,741,740.7690594,290.3690628,-1.814708513
59.1,535,365,777,717.7827082,254.6341645,-1.044167036
59.1,574,372,790,665.0841425,226.4744415,-0.525770665
61.5,317,308,330,326.9489599,13.66303436,-1.064584602
64.5,367,324,707,752.9819105,305.3096567,-3.53540794
64.6,330,317,448,464.7399435,105.1476294,-3.796448739
65,343,323,673,725.6433645,286.5643116,-5.080280291
65,470,327,757,735.766941,291.5988811,-1.493901944
66,539,340,786,697.0046535,261.7216234,-0.836711644
70.5,559,497,819,840.6044317,244.5495377,-2.486104343
71.1,568,508,836,860.237689,250.6923587,-2.580537052
71.7,572,491,938,971.5685949,342.0269169,-2.598025136
72.7,589,506,1020,1065.549527,398.2363982,-2.814211433
73.4,593,520,979,1020.425872,356.157444,-2.843126942
73.9,695,559,3251,3664.289564,2210.057944,-5.393886197
76.1,568,475,984,1021.68963,389.0864084,-2.582720343
77.9,582,497,1001,1043.21602,388.747354,-2.732108578
79.5,585,483,1105,1159.068638,481.1642882,-2.785000134
93.868,436.2,357.3,545.7,516.902442,115.4304843,-1.00804589
93.936,431.05,353.2,533.4,502.0554356,108.2411261,-0.928046283
93.955,369.65,316.4,478.2,470.7612557,110.0945404,-1.513663729
94.012,465.85,355.3,689.1,673.0708416,226.6681695,-1.501751537
94.033,424.9,355.3,549.8,535.0893636,128.4997289,-1.351517434
94.046,485.3,336.9,777.1,753.3543616,297.164216,-1.467912153
94.066,507.85,326.6,906.1,888.5207537,400.4839127,-1.608923334
94.09,446.45,349.9,543.7,465.2109201,99.16705268,-0.23925874
94.09,396.25,351.2,500.7,497.7350152,104.3972361,-1.677486189
94.09,448.45,361.4,568.3,536.0617566,126.4095337,-0.996521941
94.1,360.4,304.1,480.2,473.7058623,120.912685,-1.56814079
94.14,456.65,357.3,637.9,617.8225731,186.1361351,-1.37258193
94.21,444.35,353.2,572.4,539.8649079,134.8684626,-1.025453047
94.28,409.55,345.1,508.9,489.6299537,103.824894,-1.153303945
94.31,384,322.5,490.4,476.1302645,109.9013078,-1.304553904
94.37,380.9,316.4,484.3,466.5087888,107.6490195,-1.205339455
94.52,365.55,289.9,472,445.078954,112.1048204,-1.027789895
100,954,636,1272,953.2011218,319.7732128,0.003131121
100.33,917,612,1223,962.0407688,310.4179677,-0.182817102
100.66,852,568,1136,852.7197853,285.5836399,-0.003158866
101,710,580,1420,1498.207247,653.49577,-2.895236026
101,974,649,1298,927.133594,329.5893674,0.179124465
108,710,603,1400,1484.824031,627.6009073,-3.172324178
113.5,700,597,1340,1417.00093,583.6009909,-3.108991656
117,893,595,1190,848.739184,302.3449847,0.184465832
117,695,590,1380,1464.75211,622.5677521,-3.19227758
117,769,513,1026,809.1474037,260.9623217,-0.193965562
117.3,734,489,979,733.6776321,246.3655966,0.001639955
117.5,782,521,1043,782.5144217,262.455058,-0.002456548
117.8,908,605,1211,908.7803476,304.6896191,-0.003209904
118,593,395,791,593.4487136,199.1039601,-0.002824559
118.3,867,578,1156,867.8784688,290.611925,-0.003788571
118.5,1060,707,1413,1058.920775,354.9689103,0.003810515
118.8,1060,707,1413,1060.886093,354.9683758,-0.003128609
119,573,382,764,573.4366102,192.0649398,-0.002849096
119.3,784,523,1046,824.660196,266.0098309,-0.192700724
119.5,837,558,1116,835.7269408,280.5577539,0.005687114
119.8,867,578,1156,866.2401806,290.611591,0.00327687
123,630,530,1220,1288.699486,539.9724016,-3.022019546
123,1008,672,1344,1008.827181,337.8735414,-0.003068372
126,630,530,1250,1324.496353,565.4491903,-3.105281617
127,592,395,789,590.8631606,198.1011437,0.007192523
129,550,450,1130,1196.759202,531.4744639,-2.993657202
131,620,590,1270,1376.333543,559.6394981,-5.750151717
135,650,500,1300,1356.542186,609.6143812,-2.534935601
141,1448,965,1931,1446.719322,485.6934488,0.003304756
141,1442,961,1923,1440.385891,483.6833066,0.004182487
141,1228,819,1638,1282.635413,415.3283555,-0.165588283
141,1151,767,1534,1098.678402,389.1065707,0.169295116
143,813,542,1084,812.2962168,272.5111924,0.003236803
143,736,491,981,735.4411123,246.3660197,0.002843185
145,972,648,1296,971.1293243,325.8068164,0.003349331
148,736,491,981,735.4018121,246.366112,0.003043113
151,939,626,1252,938.2555914,314.7452302,0.002964242
167,1422,948,1896,1423.334324,476.6434706,-0.003508568
168,1373,915,1830,1314.217478,463.7296482,0.159512571
168,879,586,1172,878.3734581,294.6335561,0.002665196
168,639,426,852,638.3889972,214.1879208,0.003575282
168,1894,1263,2525,1895.606885,634.5185997,-0.003173966
168,816,544,1088,816.6598107,273.5166525,-0.00302341
169,1296,864,1728,1294.517394,434.4100669,0.004277488
169.7,1031,687,1375,1031.931975,345.9183681,-0.003376701
170,1188,792,1584,1188.966603,398.2080822,-0.003042283
171,1134,756,1512,1134.84699,380.107539,-0.002792755
171.7,926,618,1235,971.3314907,313.4452082,-0.182213763
173.6,896,597,1195,896.7483222,300.667259,-0.003119351
182.5,1050,800,1300,1050.583125,251.393927,-0.002907156
182.6,1550,1200,1900,1549.161215,351.9515506,0.002986959
182.7,550,400,700,549.6375515,150.8363859,0.003011631
182.8,950,700,1200,950.7357431,251.3943274,-0.003668031
182.9,950,700,1200,949.4051037,251.3939546,0.002965841
183,600,500,700,599.8394505,100.5574285,0.002001038
186.3,942,628,1256,941.1208194,315.7511467,0.003489757
188,735,490,980,735.649616,246.366242,-0.003304741
197,716,477,954,677.7269796,242.7890946,0.198810108
198,864,576,1152,863.2389921,289.6060247,0.003293392
199,1535,1023,2046,1471.721774,518.1703355,0.153626771
200,702,468,936,702.735125,235.3052308,-0.003915542
200,908,605,1210,863.2509063,307.3906579,0.183428481
202,758,505,1010,718.2652329,256.9241295,0.195001644
202,835,556,1113,792.6202018,283.1695436,0.188633108
223,813,542,1084,813.5898962,272.5109222,-0.002713019
227,789,526,1052,789.6082795,264.4663993,-0.002882663
227,825,550,1100,824.3136696,276.5334276,0.003110621
267,343,310,376,342.9196633,33.18400633,0.003034217
267,266,237,295,265.9224221,29.16172026,0.00333416
268,290,259,321,290.0706044,31.17284304,-0.002838681
270,326,294,358,326.0795852,32.1784345,-0.003099768
271,342,309,375,342.0872825,33.18402386,-0.003296553
297,354,236,472,354.2972238,118.6579866,-0.003139411
311,348,316,380,347.849092,32.17868977,0.005877736
311,351,319,383,351.086382,32.17845202,-0.003364497
311,336,305,367,335.9299395,31.17284181,0.002816813
311,308,277,339,307.9001738,31.1729229,0.004013561
311,350,318,382,349.9186552,32.1784389,0.003168303
311,366,333,399,366.1004523,33.18406113,-0.003793959
311,368,336,400,367.958157,32.17836326,0.001629739
311,358,326,390,358.0829526,32.17844302,-0.003230924
311,303,272,334,303.0590325,31.17281899,-0.002373429
311,367,333,401,367.0703608,34.1895545,-0.002579278
311,350,316,384,349.8400866,34.1898561,0.0058621
311,401,367,435,401.1013335,34.18963224,-0.003714677
311,287,254,320,286.9118765,33.18402609,0.003328317
311,311,278,344,310.9656071,33.18392692,0.001298975
311,284,253,315,283.9228965,31.17285846,0.003099979
311,325,294,356,325.0833489,31.1728745,-0.003351079
313,261,174,348,261.2423066,87.4851868,-0.003471305
320,385,351,419,385.0918497,34.18960542,-0.00336702
320,392,359,425,392.0856102,33.18401952,-0.003233392
320,359,327,391,358.9684674,32.17835155,0.001228164
402,2282,1521,3042,2199.738758,769.0989852,0.134436937
409.1,2836,2505,4561,4743.870113,1593.42375,-2.819939227
11.6,332,166,664,639.0253621,337.4535006,-1.489473223
13.9,293,146.5,586,563.9591298,297.8128785,-1.489473223
15.7,469,234.5,938,902.7195628,476.7038909,-1.489473223
16.5,393,196.5,786,756.4366486,399.4554992,-1.489473223
16.8,393,196.5,786,756.4366486,399.4554992,-1.489473223
16.8,425,212.5,850,818.0294545,431.9811378,-1.489473223
17.6,341,170.5,682,656.3483388,346.6013364,-1.489473223
17.6,388,194,776,746.8127726,394.3733681,-1.489473223
17.6,374,187,748,719.86592,380.1434012,-1.489473223
19,397,198.5,794,764.1357493,403.521204,-1.489473223
19,459,229.5,918,883.4718109,466.5396288,-1.489473223
20,332,166,664,639.0253621,337.4535006,-1.489473223
22.1,333,166.5,666,640.9501373,338.4699268,-1.489473223
25,588,294,1176,1131.76781,597.6586094,-1.489473223